filename,predicted_label
500000894_jpg.rf.728d7b994b5e8db578ee3b643a1bdd96.jpg,happy
800011218_jpg.rf.82f22069a05d52ec02db4f3df836b7a8.jpg,happy
PrivateTest_13508993_jpg.rf.a5626abc64c4037d00689d6668a2e2e2.jpg,happy
PrivateTest_13762425_jpg.rf.38741a2bccf859dca2389faf02818a4c.jpg,neutral
PrivateTest_26527834_jpg.rf.feb778b049f69c788dd24cb811f9b7f5.jpg,happy
PrivateTest_26726116_jpg.rf.810a49d431914432f72fcf2a974257bd.jpg,happy
PrivateTest_37769125_jpg.rf.ef05cff3ceb7748a9485e53ceaf03cdb.jpg,happy
PrivateTest_38920534_jpg.rf.0ec67234bad946a5d54b1b21837c0369.jpg,neutral
PrivateTest_48663603_jpg.rf.70b253f4a93acd60f236804748e1150f.jpg,neutral
PrivateTest_48857929_jpg.rf.623e51387e11050fb4b0f2b627c6753e.jpg,neutral
PrivateTest_62361354_jpg.rf.e5d33c2cb384205e4badf9671bec9ef5.jpg,neutral
PrivateTest_62948921_jpg.rf.546c7dd361974f46f57960401a4ff225.jpg,happy
PrivateTest_72771757_jpg.rf.fd965b3460a2e32614595ddccb868cec.jpg,happy
